{
  "roc_auc": 0.571875,
  "avg_precision": 0.3309820663274611,
  "best_threshold": -0.05483405073020253,
  "precision": 0.375,
  "recall": 0.375,
  "f1": 0.3749999995,
  "fpr": 0.125,
  "tp": 3,
  "fp": 5,
  "fn": 5,
  "tn": 35
}