{
  "roc_auc": 0.5625,
  "avg_precision": 0.30904778404778405,
  "best_threshold": -0.1165539452608213,
  "precision": 0.21621621621621623,
  "recall": 1.0,
  "f1": 0.35555555526320987,
  "fpr": 0.725,
  "tp": 8,
  "fp": 29,
  "fn": 0,
  "tn": 11
}