{
  "roc_auc": 0.565625,
  "avg_precision": 0.308755210554311,
  "best_threshold": -0.11647727847627037,
  "precision": 0.21621621621621623,
  "recall": 1.0,
  "f1": 0.35555555526320987,
  "fpr": 0.725,
  "tp": 8,
  "fp": 29,
  "fn": 0,
  "tn": 11
}