{
  "roc_auc": 0.609375,
  "avg_precision": 0.2370145785586962,
  "best_threshold": -0.11860863807295202,
  "precision": 0.2857142857142857,
  "recall": 0.75,
  "f1": 0.4137931030487515,
  "fpr": 0.375,
  "tp": 6,
  "fp": 15,
  "fn": 2,
  "tn": 25
}