{
  "auc": 0.811965811965812,
  "f1": 0.5999999995199999,
  "precision": 0.75,
  "recall": 0.5,
  "fpr": 0.02564102564102564,
  "best_threshold": 1.5981125663144995,
  "tp": 3,
  "fp": 1,
  "fn": 3,
  "tn": 38,
  "feature_correlation": 0.828875090755272,
  "reference_stats": {
    "BlurFilter__dn_range": {
      "passed_mean": 15661.589743589744,
      "passed_std": 5280.322352191193
    },
    "TOAScalingFilter__max_dn": {
      "passed_mean": 19518.589743589742,
      "passed_std": 6444.113073258775
    }
  }
}