{
  "roc_auc": 0.828125,
  "avg_precision": 0.45857968785600367,
  "best_threshold": 0.5429207817895895,
  "precision": 0.5454545454545454,
  "recall": 0.75,
  "f1": 0.6315789468808863,
  "fpr": 0.125,
  "tp": 6,
  "fp": 5,
  "fn": 2,
  "tn": 35
}