{
  "roc_auc": 0.5375,
  "avg_precision": 0.24534782347282347,
  "best_threshold": 0.25767261904761907,
  "precision": 0.21212121212121213,
  "recall": 0.875,
  "f1": 0.34146341432004756,
  "fpr": 0.65,
  "tp": 7,
  "fp": 26,
  "fn": 1,
  "tn": 14
}