{
  "roc_auc": 0.6124999999999999,
  "avg_precision": 0.2386227049701693,
  "best_threshold": 0.4209665199869144,
  "precision": 0.2692307692307692,
  "recall": 0.875,
  "f1": 0.41176470552249134,
  "fpr": 0.475,
  "tp": 7,
  "fp": 19,
  "fn": 1,
  "tn": 21
}