{
  "roc_auc": 0.384375,
  "avg_precision": 0.25814981801823905,
  "best_threshold": 0.044678571428571436,
  "precision": 0.16666666666666666,
  "recall": 1.0,
  "f1": 0.2857142854693877,
  "fpr": 1.0,
  "tp": 8,
  "fp": 40,
  "fn": 0,
  "tn": 0
}