metric,current,suggested,direction,fp_current,fp_suggested,n_passed,p50,p95,p99
TOAScalingFilter__max_dn,11200,28000.0,above,36,0,40,19911.5,28000.0,28000.0
NoiseFilter__noise_std_ratio,0.03,0.000862951524322766,above,0,1,2,0.0007783597102388,0.00085604607011183,0.000862951524322766
BlurFilter__laplacian_variance,15.0,4.647441316928359,below,1,1,4,24.148828968582485,231.37179908477466,260.43685517680535
StripeFilter__periodic_power_ratio,0.3,0.015425286782500684,above,0,1,2,0.01471604877351615,0.015367389802175415,0.015425286782500684
MetadataFilter__cloud_cover,60.0,57.728127146227024,above,0,1,40,12.8926845056635,43.87193987518157,57.728127146227024
